/*
Navicat MySQL Data Transfer

Source Server         : d
Source Server Version : 50610
Source Host           : localhost:3306
Source Database       : ticketmanager

Target Server Type    : MYSQL
Target Server Version : 50610
File Encoding         : 65001

Date: 2014-04-07 13:13:32
*/

SET FOREIGN_KEY_CHECKS=0;

-- ----------------------------
-- Table structure for `admin`
-- ----------------------------
DROP TABLE IF EXISTS `admin`;
CREATE TABLE `admin` (
  `loginid` varchar(50) NOT NULL,
  `loginpwd` varchar(50) DEFAULT NULL,
  `adminname` varchar(50) DEFAULT NULL,
  PRIMARY KEY (`loginid`)
) ENGINE=InnoDB DEFAULT CHARSET=utf8;

-- ----------------------------
-- Records of admin
-- ----------------------------

-- ----------------------------
-- Table structure for `bus`
-- ----------------------------
DROP TABLE IF EXISTS `bus`;
CREATE TABLE `bus` (
  `busid` int(11) NOT NULL AUTO_INCREMENT,
  `vehicleno` varchar(50) DEFAULT NULL,
  `drivername` varchar(50) DEFAULT NULL,
  `seatcount` int(11) DEFAULT NULL,
  `busstationid` int(11) DEFAULT NULL,
  `busstate` int(11) DEFAULT NULL,
  PRIMARY KEY (`busid`),
  KEY `fk_bus_station` (`busstationid`),
  CONSTRAINT `fk_bus_station` FOREIGN KEY (`busstationid`) REFERENCES `station` (`stationid`)
) ENGINE=InnoDB AUTO_INCREMENT=5 DEFAULT CHARSET=utf8;

-- ----------------------------
-- Records of bus
-- ----------------------------
INSERT INTO `bus` VALUES ('1', '渝A12544', '发', '333', '8', '2');
INSERT INTO `bus` VALUES ('2', '333', '333', '444', '5', '2');
INSERT INTO `bus` VALUES ('3', '2', '3', '1', '7', '3');
INSERT INTO `bus` VALUES ('4', '8879877', '3342', '21', '5', '1');

-- ----------------------------
-- Table structure for `route`
-- ----------------------------
DROP TABLE IF EXISTS `route`;
CREATE TABLE `route` (
  `routeid` int(11) NOT NULL AUTO_INCREMENT,
  `routename` varchar(50) DEFAULT NULL,
  `startstationid` int(11) DEFAULT NULL,
  `endstationid` int(11) DEFAULT NULL,
  PRIMARY KEY (`routeid`),
  KEY `fk_route_station_start` (`startstationid`),
  KEY `fk_route_station_end` (`endstationid`),
  CONSTRAINT `fk_route_station_end` FOREIGN KEY (`endstationid`) REFERENCES `station` (`stationid`),
  CONSTRAINT `fk_route_station_start` FOREIGN KEY (`startstationid`) REFERENCES `station` (`stationid`)
) ENGINE=InnoDB AUTO_INCREMENT=7 DEFAULT CHARSET=utf8;

-- ----------------------------
-- Records of route
-- ----------------------------
INSERT INTO `route` VALUES ('1', '123路', '9', '2');
INSERT INTO `route` VALUES ('2', '3343', '5', '6');
INSERT INTO `route` VALUES ('3', 'fe', '4', '6');
INSERT INTO `route` VALUES ('4', '55', '4', '4');
INSERT INTO `route` VALUES ('5', 'yyy', '5', '7');
INSERT INTO `route` VALUES ('6', 'oioi', '7', '8');

-- ----------------------------
-- Table structure for `routeschedule`
-- ----------------------------
DROP TABLE IF EXISTS `routeschedule`;
CREATE TABLE `routeschedule` (
  `scheduleid` int(11) NOT NULL AUTO_INCREMENT,
  `schedulerouteid` int(11) DEFAULT NULL,
  `schedulename` varchar(50) DEFAULT NULL,
  `schedulebusid` int(11) DEFAULT NULL,
  `starttime` datetime DEFAULT NULL,
  `endtime` datetime DEFAULT NULL,
  PRIMARY KEY (`scheduleid`),
  KEY `fk_schedule_route` (`schedulerouteid`),
  KEY `fk_schedule_bus` (`schedulebusid`),
  CONSTRAINT `fk_schedule_bus` FOREIGN KEY (`schedulebusid`) REFERENCES `bus` (`busid`),
  CONSTRAINT `fk_schedule_route` FOREIGN KEY (`schedulerouteid`) REFERENCES `route` (`routeid`)
) ENGINE=InnoDB AUTO_INCREMENT=16 DEFAULT CHARSET=utf8;

-- ----------------------------
-- Records of routeschedule
-- ----------------------------
INSERT INTO `routeschedule` VALUES ('2', '2', '人', '1', '2014-04-06 19:00:00', '2014-04-06 20:00:00');
INSERT INTO `routeschedule` VALUES ('6', '2', 'ttt', '4', '2014-03-19 00:45:00', '2014-03-18 02:15:00');
INSERT INTO `routeschedule` VALUES ('9', '4', 'eeere', '2', '2014-03-22 08:15:00', '2014-03-20 01:15:00');
INSERT INTO `routeschedule` VALUES ('10', '2', 'rrree2', '2', '2014-03-13 00:15:00', '2014-03-19 01:45:00');
INSERT INTO `routeschedule` VALUES ('11', '3', '地方', '2', '2014-03-25 01:30:00', '2014-03-11 02:00:00');
INSERT INTO `routeschedule` VALUES ('12', '1', '问问', '1', '2014-04-05 18:00:00', '2014-04-05 20:30:00');
INSERT INTO `routeschedule` VALUES ('13', '4', '问问的', '1', '2014-04-06 00:15:00', '2014-04-06 01:00:00');
INSERT INTO `routeschedule` VALUES ('14', '1', '打发打发', '1', '2014-04-05 20:00:00', '2014-04-05 21:00:00');
INSERT INTO `routeschedule` VALUES ('15', '2', '测试', '4', '2014-04-06 22:45:00', '2014-04-06 23:00:00');

-- ----------------------------
-- Table structure for `station`
-- ----------------------------
DROP TABLE IF EXISTS `station`;
CREATE TABLE `station` (
  `stationid` int(11) NOT NULL AUTO_INCREMENT,
  `stationname` varchar(50) DEFAULT NULL,
  `locationx` double DEFAULT NULL,
  `locationy` double DEFAULT NULL,
  PRIMARY KEY (`stationid`)
) ENGINE=InnoDB AUTO_INCREMENT=12 DEFAULT CHARSET=utf8;

-- ----------------------------
-- Records of station
-- ----------------------------
INSERT INTO `station` VALUES ('1', '沙坪坝', '1', '2');
INSERT INTO `station` VALUES ('2', '杨家坪', '23', '3');
INSERT INTO `station` VALUES ('3', '袁家岗', '2', '3');
INSERT INTO `station` VALUES ('4', '龙湖西苑', '2', '3');
INSERT INTO `station` VALUES ('5', '上丁公园', '2', '3');
INSERT INTO `station` VALUES ('6', '北碚', '2', '3');
INSERT INTO `station` VALUES ('7', '三峡广场', '3', '4');
INSERT INTO `station` VALUES ('8', '解放碑', '3', '4');
INSERT INTO `station` VALUES ('9', '观音桥', '3', '3');
INSERT INTO `station` VALUES ('10', '江北机场', '3', '4');
INSERT INTO `station` VALUES ('11', '两路口', '3', '4');

-- ----------------------------
-- Table structure for `ticket`
-- ----------------------------
DROP TABLE IF EXISTS `ticket`;
CREATE TABLE `ticket` (
  `ticketid` int(11) NOT NULL AUTO_INCREMENT,
  `ticketno` varchar(50) DEFAULT NULL,
  `tickettitle` varchar(50) DEFAULT NULL,
  `ticketscheduleid` int(11) DEFAULT NULL,
  `seatno` varchar(50) DEFAULT NULL,
  `customername` varchar(50) DEFAULT NULL,
  `entrytime` datetime DEFAULT NULL,
  `deadline` datetime DEFAULT NULL,
  `checked` bit(1) DEFAULT NULL,
  PRIMARY KEY (`ticketid`),
  KEY `fk_ticket_schedule` (`ticketscheduleid`),
  CONSTRAINT `fk_ticket_schedule` FOREIGN KEY (`ticketscheduleid`) REFERENCES `routeschedule` (`scheduleid`)
) ENGINE=InnoDB AUTO_INCREMENT=983494 DEFAULT CHARSET=utf8;

-- ----------------------------
-- Records of ticket
-- ----------------------------
INSERT INTO `ticket` VALUES ('983132', '620140324173743367', '上丁公园-北碚', '6', '2', 'eerw', '2014-03-19 00:25:00', '2014-03-19 00:20:00', '');
INSERT INTO `ticket` VALUES ('983133', '620140324174013828', '上丁公园-北碚', '6', '1', 'ere', '2014-03-19 00:25:00', '2014-03-19 00:20:00', '');
INSERT INTO `ticket` VALUES ('983134', '1120140324174945045', '龙湖西苑-北碚', '11', '1', '342', '2014-03-25 01:10:00', '2014-03-25 01:05:00', '');
INSERT INTO `ticket` VALUES ('983135', '1120140324175212858', '龙湖西苑-北碚', '11', '2', '333', '2014-03-25 01:10:00', '2014-03-25 01:05:00', '');
INSERT INTO `ticket` VALUES ('983136', '1120140324175223652', '龙湖西苑-北碚', '11', '3', '333', '2014-03-25 01:10:00', '2014-03-25 01:05:00', '');
INSERT INTO `ticket` VALUES ('983137', '920140324175409005', '龙湖西苑-龙湖西苑', '9', '1', 'eee', '2014-03-22 07:55:00', '2014-03-22 07:50:00', '');
INSERT INTO `ticket` VALUES ('983138', '1320140405234124517', '龙湖西苑-龙湖西苑', '13', '1', '测试', '2014-04-05 23:55:00', '2014-04-05 23:50:00', '');
INSERT INTO `ticket` VALUES ('983139', '1320140405234134476', '龙湖西苑-龙湖西苑', '13', '2', '332', '2014-04-05 23:55:00', '2014-04-05 23:50:00', '');
INSERT INTO `ticket` VALUES ('983140', '220140406153126514', '上丁公园-北碚', '2', '1', '收到回复凯撒奖号', '2014-04-06 18:40:00', '2014-04-06 18:35:00', '');
INSERT INTO `ticket` VALUES ('983141', '220140406153136624', '上丁公园-北碚', '2', '2', '斯蒂芬撒', '2014-04-06 18:40:00', '2014-04-06 18:35:00', '');
INSERT INTO `ticket` VALUES ('983142', '220140406155236819', '上丁公园-北碚', '2', '3', '岁的粉色', '2014-04-06 18:40:00', '2014-04-06 18:35:00', '');
INSERT INTO `ticket` VALUES ('983143', '220140406155236830', '上丁公园-北碚', '2', '4', '岁的粉色', '2014-04-06 18:40:00', '2014-04-06 18:35:00', '');
INSERT INTO `ticket` VALUES ('983144', '220140406155236837', '上丁公园-北碚', '2', '5', '岁的粉色', '2014-04-06 18:40:00', '2014-04-06 18:35:00', '');
INSERT INTO `ticket` VALUES ('983145', '220140406155245985', '上丁公园-北碚', '2', '6', '斯蒂芬', '2014-04-06 18:40:00', '2014-04-06 18:35:00', '');
INSERT INTO `ticket` VALUES ('983146', '220140406155246002', '上丁公园-北碚', '2', '7', '斯蒂芬', '2014-04-06 18:40:00', '2014-04-06 18:35:00', '');
INSERT INTO `ticket` VALUES ('983147', '220140406155246013', '上丁公园-北碚', '2', '8', '斯蒂芬', '2014-04-06 18:40:00', '2014-04-06 18:35:00', '');
INSERT INTO `ticket` VALUES ('983148', '220140406155246023', '上丁公园-北碚', '2', '9', '斯蒂芬', '2014-04-06 18:40:00', '2014-04-06 18:35:00', '');
INSERT INTO `ticket` VALUES ('983149', '220140406155345187', '上丁公园-北碚', '2', '10', '岁的粉色', '2014-04-06 18:40:00', '2014-04-06 18:35:00', '');
INSERT INTO `ticket` VALUES ('983150', '220140406155345203', '上丁公园-北碚', '2', '11', '岁的粉色', '2014-04-06 18:40:00', '2014-04-06 18:35:00', '');
INSERT INTO `ticket` VALUES ('983151', '220140406155345217', '上丁公园-北碚', '2', '12', '岁的粉色', '2014-04-06 18:40:00', '2014-04-06 18:35:00', '');
INSERT INTO `ticket` VALUES ('983152', '220140406155345231', '上丁公园-北碚', '2', '13', '岁的粉色', '2014-04-06 18:40:00', '2014-04-06 18:35:00', '');
INSERT INTO `ticket` VALUES ('983153', '220140406155345246', '上丁公园-北碚', '2', '14', '岁的粉色', '2014-04-06 18:40:00', '2014-04-06 18:35:00', '');
INSERT INTO `ticket` VALUES ('983154', '220140406155345260', '上丁公园-北碚', '2', '15', '岁的粉色', '2014-04-06 18:40:00', '2014-04-06 18:35:00', '');
INSERT INTO `ticket` VALUES ('983155', '220140406170340981', '上丁公园-北碚', '2', '16', '驱蚊器', '2014-04-06 18:40:00', '2014-04-06 18:35:00', '');
INSERT INTO `ticket` VALUES ('983156', '220140406170340986', '上丁公园-北碚', '2', '17', '驱蚊器', '2014-04-06 18:40:00', '2014-04-06 18:35:00', '');
INSERT INTO `ticket` VALUES ('983157', '220140406170340990', '上丁公园-北碚', '2', '18', '驱蚊器', '2014-04-06 18:40:00', '2014-04-06 18:35:00', '');
INSERT INTO `ticket` VALUES ('983158', '220140406170340994', '上丁公园-北碚', '2', '19', '驱蚊器', '2014-04-06 18:40:00', '2014-04-06 18:35:00', '');
INSERT INTO `ticket` VALUES ('983159', '220140406171517097', '上丁公园-北碚', '2', '20', '电饭锅', '2014-04-06 18:40:00', '2014-04-06 18:35:00', '');
INSERT INTO `ticket` VALUES ('983160', '220140406171517103', '上丁公园-北碚', '2', '21', '电饭锅', '2014-04-06 18:40:00', '2014-04-06 18:35:00', '');
INSERT INTO `ticket` VALUES ('983161', '220140406171517107', '上丁公园-北碚', '2', '22', '电饭锅', '2014-04-06 18:40:00', '2014-04-06 18:35:00', '');
INSERT INTO `ticket` VALUES ('983162', '220140406171517125', '上丁公园-北碚', '2', '23', '电饭锅', '2014-04-06 18:40:00', '2014-04-06 18:35:00', '');
INSERT INTO `ticket` VALUES ('983163', '220140406171517128', '上丁公园-北碚', '2', '24', '电饭锅', '2014-04-06 18:40:00', '2014-04-06 18:35:00', '');
INSERT INTO `ticket` VALUES ('983164', '220140406171517132', '上丁公园-北碚', '2', '25', '电饭锅', '2014-04-06 18:40:00', '2014-04-06 18:35:00', '');
INSERT INTO `ticket` VALUES ('983165', '220140406171517136', '上丁公园-北碚', '2', '26', '电饭锅', '2014-04-06 18:40:00', '2014-04-06 18:35:00', '');
INSERT INTO `ticket` VALUES ('983166', '220140406171517140', '上丁公园-北碚', '2', '27', '电饭锅', '2014-04-06 18:40:00', '2014-04-06 18:35:00', '');
INSERT INTO `ticket` VALUES ('983167', '220140406171517147', '上丁公园-北碚', '2', '28', '电饭锅', '2014-04-06 18:40:00', '2014-04-06 18:35:00', '');
INSERT INTO `ticket` VALUES ('983168', '220140406171517151', '上丁公园-北碚', '2', '29', '电饭锅', '2014-04-06 18:40:00', '2014-04-06 18:35:00', '');
INSERT INTO `ticket` VALUES ('983169', '220140406171517154', '上丁公园-北碚', '2', '30', '电饭锅', '2014-04-06 18:40:00', '2014-04-06 18:35:00', '');
INSERT INTO `ticket` VALUES ('983170', '220140406171517158', '上丁公园-北碚', '2', '31', '电饭锅', '2014-04-06 18:40:00', '2014-04-06 18:35:00', '');
INSERT INTO `ticket` VALUES ('983171', '220140406171517164', '上丁公园-北碚', '2', '32', '电饭锅', '2014-04-06 18:40:00', '2014-04-06 18:35:00', '');
INSERT INTO `ticket` VALUES ('983172', '220140406171517168', '上丁公园-北碚', '2', '33', '电饭锅', '2014-04-06 18:40:00', '2014-04-06 18:35:00', '');
INSERT INTO `ticket` VALUES ('983173', '220140406171517171', '上丁公园-北碚', '2', '34', '电饭锅', '2014-04-06 18:40:00', '2014-04-06 18:35:00', '');
INSERT INTO `ticket` VALUES ('983174', '220140406171517175', '上丁公园-北碚', '2', '35', '电饭锅', '2014-04-06 18:40:00', '2014-04-06 18:35:00', '');
INSERT INTO `ticket` VALUES ('983175', '220140406171517180', '上丁公园-北碚', '2', '36', '电饭锅', '2014-04-06 18:40:00', '2014-04-06 18:35:00', '');
INSERT INTO `ticket` VALUES ('983176', '220140406171517183', '上丁公园-北碚', '2', '37', '电饭锅', '2014-04-06 18:40:00', '2014-04-06 18:35:00', '');
INSERT INTO `ticket` VALUES ('983177', '220140406171517187', '上丁公园-北碚', '2', '38', '电饭锅', '2014-04-06 18:40:00', '2014-04-06 18:35:00', '');
INSERT INTO `ticket` VALUES ('983178', '220140406171517190', '上丁公园-北碚', '2', '39', '电饭锅', '2014-04-06 18:40:00', '2014-04-06 18:35:00', '');
INSERT INTO `ticket` VALUES ('983179', '220140406171517193', '上丁公园-北碚', '2', '40', '电饭锅', '2014-04-06 18:40:00', '2014-04-06 18:35:00', '');
INSERT INTO `ticket` VALUES ('983180', '220140406171517196', '上丁公园-北碚', '2', '41', '电饭锅', '2014-04-06 18:40:00', '2014-04-06 18:35:00', '');
INSERT INTO `ticket` VALUES ('983181', '220140406171517199', '上丁公园-北碚', '2', '42', '电饭锅', '2014-04-06 18:40:00', '2014-04-06 18:35:00', '');
INSERT INTO `ticket` VALUES ('983182', '220140406171517202', '上丁公园-北碚', '2', '43', '电饭锅', '2014-04-06 18:40:00', '2014-04-06 18:35:00', '');
INSERT INTO `ticket` VALUES ('983183', '220140406171517205', '上丁公园-北碚', '2', '44', '电饭锅', '2014-04-06 18:40:00', '2014-04-06 18:35:00', '');
INSERT INTO `ticket` VALUES ('983184', '220140406171517209', '上丁公园-北碚', '2', '45', '电饭锅', '2014-04-06 18:40:00', '2014-04-06 18:35:00', '');
INSERT INTO `ticket` VALUES ('983185', '220140406171517214', '上丁公园-北碚', '2', '46', '电饭锅', '2014-04-06 18:40:00', '2014-04-06 18:35:00', '');
INSERT INTO `ticket` VALUES ('983186', '220140406171517217', '上丁公园-北碚', '2', '47', '电饭锅', '2014-04-06 18:40:00', '2014-04-06 18:35:00', '');
INSERT INTO `ticket` VALUES ('983187', '220140406171517221', '上丁公园-北碚', '2', '48', '电饭锅', '2014-04-06 18:40:00', '2014-04-06 18:35:00', '');
INSERT INTO `ticket` VALUES ('983188', '220140406171517224', '上丁公园-北碚', '2', '49', '电饭锅', '2014-04-06 18:40:00', '2014-04-06 18:35:00', '');
INSERT INTO `ticket` VALUES ('983189', '220140406171517229', '上丁公园-北碚', '2', '50', '电饭锅', '2014-04-06 18:40:00', '2014-04-06 18:35:00', '');
INSERT INTO `ticket` VALUES ('983190', '220140406171517233', '上丁公园-北碚', '2', '51', '电饭锅', '2014-04-06 18:40:00', '2014-04-06 18:35:00', '');
INSERT INTO `ticket` VALUES ('983191', '220140406171517237', '上丁公园-北碚', '2', '52', '电饭锅', '2014-04-06 18:40:00', '2014-04-06 18:35:00', '');
INSERT INTO `ticket` VALUES ('983192', '220140406171517240', '上丁公园-北碚', '2', '53', '电饭锅', '2014-04-06 18:40:00', '2014-04-06 18:35:00', '');
INSERT INTO `ticket` VALUES ('983193', '220140406171517247', '上丁公园-北碚', '2', '54', '电饭锅', '2014-04-06 18:40:00', '2014-04-06 18:35:00', '');
INSERT INTO `ticket` VALUES ('983194', '220140406171517251', '上丁公园-北碚', '2', '55', '电饭锅', '2014-04-06 18:40:00', '2014-04-06 18:35:00', '');
INSERT INTO `ticket` VALUES ('983195', '220140406171517254', '上丁公园-北碚', '2', '56', '电饭锅', '2014-04-06 18:40:00', '2014-04-06 18:35:00', '');
INSERT INTO `ticket` VALUES ('983196', '220140406171517257', '上丁公园-北碚', '2', '57', '电饭锅', '2014-04-06 18:40:00', '2014-04-06 18:35:00', '');
INSERT INTO `ticket` VALUES ('983197', '220140406171517260', '上丁公园-北碚', '2', '58', '电饭锅', '2014-04-06 18:40:00', '2014-04-06 18:35:00', '');
INSERT INTO `ticket` VALUES ('983198', '220140406171517263', '上丁公园-北碚', '2', '59', '电饭锅', '2014-04-06 18:40:00', '2014-04-06 18:35:00', '');
INSERT INTO `ticket` VALUES ('983199', '220140406171517266', '上丁公园-北碚', '2', '60', '电饭锅', '2014-04-06 18:40:00', '2014-04-06 18:35:00', '');
INSERT INTO `ticket` VALUES ('983200', '220140406171517269', '上丁公园-北碚', '2', '61', '电饭锅', '2014-04-06 18:40:00', '2014-04-06 18:35:00', '');
INSERT INTO `ticket` VALUES ('983201', '220140406171517272', '上丁公园-北碚', '2', '62', '电饭锅', '2014-04-06 18:40:00', '2014-04-06 18:35:00', '');
INSERT INTO `ticket` VALUES ('983202', '220140406171517276', '上丁公园-北碚', '2', '63', '电饭锅', '2014-04-06 18:40:00', '2014-04-06 18:35:00', '');
INSERT INTO `ticket` VALUES ('983203', '220140406171517280', '上丁公园-北碚', '2', '64', '电饭锅', '2014-04-06 18:40:00', '2014-04-06 18:35:00', '');
INSERT INTO `ticket` VALUES ('983204', '220140406171517284', '上丁公园-北碚', '2', '65', '电饭锅', '2014-04-06 18:40:00', '2014-04-06 18:35:00', '');
INSERT INTO `ticket` VALUES ('983205', '220140406171517287', '上丁公园-北碚', '2', '66', '电饭锅', '2014-04-06 18:40:00', '2014-04-06 18:35:00', '');
INSERT INTO `ticket` VALUES ('983206', '220140406171517291', '上丁公园-北碚', '2', '67', '电饭锅', '2014-04-06 18:40:00', '2014-04-06 18:35:00', '');
INSERT INTO `ticket` VALUES ('983207', '220140406171517295', '上丁公园-北碚', '2', '68', '电饭锅', '2014-04-06 18:40:00', '2014-04-06 18:35:00', '');
INSERT INTO `ticket` VALUES ('983208', '220140406171517298', '上丁公园-北碚', '2', '69', '电饭锅', '2014-04-06 18:40:00', '2014-04-06 18:35:00', '');
INSERT INTO `ticket` VALUES ('983209', '220140406171517302', '上丁公园-北碚', '2', '70', '电饭锅', '2014-04-06 18:40:00', '2014-04-06 18:35:00', '');
INSERT INTO `ticket` VALUES ('983210', '220140406171517305', '上丁公园-北碚', '2', '71', '电饭锅', '2014-04-06 18:40:00', '2014-04-06 18:35:00', '');
INSERT INTO `ticket` VALUES ('983211', '220140406171517308', '上丁公园-北碚', '2', '72', '电饭锅', '2014-04-06 18:40:00', '2014-04-06 18:35:00', '');
INSERT INTO `ticket` VALUES ('983212', '220140406171517312', '上丁公园-北碚', '2', '73', '电饭锅', '2014-04-06 18:40:00', '2014-04-06 18:35:00', '');
INSERT INTO `ticket` VALUES ('983213', '220140406171517316', '上丁公园-北碚', '2', '74', '电饭锅', '2014-04-06 18:40:00', '2014-04-06 18:35:00', '');
INSERT INTO `ticket` VALUES ('983214', '220140406171517319', '上丁公园-北碚', '2', '75', '电饭锅', '2014-04-06 18:40:00', '2014-04-06 18:35:00', '');
INSERT INTO `ticket` VALUES ('983215', '220140406171517322', '上丁公园-北碚', '2', '76', '电饭锅', '2014-04-06 18:40:00', '2014-04-06 18:35:00', '');
INSERT INTO `ticket` VALUES ('983216', '220140406171517325', '上丁公园-北碚', '2', '77', '电饭锅', '2014-04-06 18:40:00', '2014-04-06 18:35:00', '');
INSERT INTO `ticket` VALUES ('983217', '220140406171517328', '上丁公园-北碚', '2', '78', '电饭锅', '2014-04-06 18:40:00', '2014-04-06 18:35:00', '');
INSERT INTO `ticket` VALUES ('983218', '220140406171517332', '上丁公园-北碚', '2', '79', '电饭锅', '2014-04-06 18:40:00', '2014-04-06 18:35:00', '');
INSERT INTO `ticket` VALUES ('983219', '220140406171517334', '上丁公园-北碚', '2', '80', '电饭锅', '2014-04-06 18:40:00', '2014-04-06 18:35:00', '');
INSERT INTO `ticket` VALUES ('983220', '220140406171517337', '上丁公园-北碚', '2', '81', '电饭锅', '2014-04-06 18:40:00', '2014-04-06 18:35:00', '');
INSERT INTO `ticket` VALUES ('983221', '220140406171517341', '上丁公园-北碚', '2', '82', '电饭锅', '2014-04-06 18:40:00', '2014-04-06 18:35:00', '');
INSERT INTO `ticket` VALUES ('983222', '220140406171517345', '上丁公园-北碚', '2', '83', '电饭锅', '2014-04-06 18:40:00', '2014-04-06 18:35:00', '');
INSERT INTO `ticket` VALUES ('983223', '220140406171517349', '上丁公园-北碚', '2', '84', '电饭锅', '2014-04-06 18:40:00', '2014-04-06 18:35:00', '');
INSERT INTO `ticket` VALUES ('983224', '220140406171517353', '上丁公园-北碚', '2', '85', '电饭锅', '2014-04-06 18:40:00', '2014-04-06 18:35:00', '');
INSERT INTO `ticket` VALUES ('983225', '220140406171517356', '上丁公园-北碚', '2', '86', '电饭锅', '2014-04-06 18:40:00', '2014-04-06 18:35:00', '');
INSERT INTO `ticket` VALUES ('983226', '220140406171517360', '上丁公园-北碚', '2', '87', '电饭锅', '2014-04-06 18:40:00', '2014-04-06 18:35:00', '');
INSERT INTO `ticket` VALUES ('983227', '220140406171517364', '上丁公园-北碚', '2', '88', '电饭锅', '2014-04-06 18:40:00', '2014-04-06 18:35:00', '');
INSERT INTO `ticket` VALUES ('983228', '220140406171517368', '上丁公园-北碚', '2', '89', '电饭锅', '2014-04-06 18:40:00', '2014-04-06 18:35:00', '');
INSERT INTO `ticket` VALUES ('983229', '220140406171517372', '上丁公园-北碚', '2', '90', '电饭锅', '2014-04-06 18:40:00', '2014-04-06 18:35:00', '');
INSERT INTO `ticket` VALUES ('983230', '220140406171517374', '上丁公园-北碚', '2', '91', '电饭锅', '2014-04-06 18:40:00', '2014-04-06 18:35:00', '');
INSERT INTO `ticket` VALUES ('983231', '220140406171517377', '上丁公园-北碚', '2', '92', '电饭锅', '2014-04-06 18:40:00', '2014-04-06 18:35:00', '');
INSERT INTO `ticket` VALUES ('983232', '220140406171517380', '上丁公园-北碚', '2', '93', '电饭锅', '2014-04-06 18:40:00', '2014-04-06 18:35:00', '');
INSERT INTO `ticket` VALUES ('983233', '220140406171517383', '上丁公园-北碚', '2', '94', '电饭锅', '2014-04-06 18:40:00', '2014-04-06 18:35:00', '');
INSERT INTO `ticket` VALUES ('983234', '220140406171517386', '上丁公园-北碚', '2', '95', '电饭锅', '2014-04-06 18:40:00', '2014-04-06 18:35:00', '');
INSERT INTO `ticket` VALUES ('983235', '220140406171517389', '上丁公园-北碚', '2', '96', '电饭锅', '2014-04-06 18:40:00', '2014-04-06 18:35:00', '');
INSERT INTO `ticket` VALUES ('983236', '220140406171517393', '上丁公园-北碚', '2', '97', '电饭锅', '2014-04-06 18:40:00', '2014-04-06 18:35:00', '');
INSERT INTO `ticket` VALUES ('983237', '220140406171517398', '上丁公园-北碚', '2', '98', '电饭锅', '2014-04-06 18:40:00', '2014-04-06 18:35:00', '');
INSERT INTO `ticket` VALUES ('983238', '220140406171517401', '上丁公园-北碚', '2', '99', '电饭锅', '2014-04-06 18:40:00', '2014-04-06 18:35:00', '');
INSERT INTO `ticket` VALUES ('983239', '220140406171517404', '上丁公园-北碚', '2', '100', '电饭锅', '2014-04-06 18:40:00', '2014-04-06 18:35:00', '');
INSERT INTO `ticket` VALUES ('983240', '220140406171517407', '上丁公园-北碚', '2', '101', '电饭锅', '2014-04-06 18:40:00', '2014-04-06 18:35:00', '');
INSERT INTO `ticket` VALUES ('983241', '220140406171517411', '上丁公园-北碚', '2', '102', '电饭锅', '2014-04-06 18:40:00', '2014-04-06 18:35:00', '');
INSERT INTO `ticket` VALUES ('983242', '220140406171517415', '上丁公园-北碚', '2', '103', '电饭锅', '2014-04-06 18:40:00', '2014-04-06 18:35:00', '');
INSERT INTO `ticket` VALUES ('983243', '220140406171517418', '上丁公园-北碚', '2', '104', '电饭锅', '2014-04-06 18:40:00', '2014-04-06 18:35:00', '');
INSERT INTO `ticket` VALUES ('983244', '220140406171517421', '上丁公园-北碚', '2', '105', '电饭锅', '2014-04-06 18:40:00', '2014-04-06 18:35:00', '');
INSERT INTO `ticket` VALUES ('983245', '220140406171517425', '上丁公园-北碚', '2', '106', '电饭锅', '2014-04-06 18:40:00', '2014-04-06 18:35:00', '');
INSERT INTO `ticket` VALUES ('983246', '220140406171517429', '上丁公园-北碚', '2', '107', '电饭锅', '2014-04-06 18:40:00', '2014-04-06 18:35:00', '');
INSERT INTO `ticket` VALUES ('983247', '220140406171517432', '上丁公园-北碚', '2', '108', '电饭锅', '2014-04-06 18:40:00', '2014-04-06 18:35:00', '');
INSERT INTO `ticket` VALUES ('983248', '220140406171517436', '上丁公园-北碚', '2', '109', '电饭锅', '2014-04-06 18:40:00', '2014-04-06 18:35:00', '');
INSERT INTO `ticket` VALUES ('983249', '220140406171517438', '上丁公园-北碚', '2', '110', '电饭锅', '2014-04-06 18:40:00', '2014-04-06 18:35:00', '');
INSERT INTO `ticket` VALUES ('983250', '220140406171517442', '上丁公园-北碚', '2', '111', '电饭锅', '2014-04-06 18:40:00', '2014-04-06 18:35:00', '');
INSERT INTO `ticket` VALUES ('983251', '220140406171517445', '上丁公园-北碚', '2', '112', '电饭锅', '2014-04-06 18:40:00', '2014-04-06 18:35:00', '');
INSERT INTO `ticket` VALUES ('983252', '220140406171517448', '上丁公园-北碚', '2', '113', '电饭锅', '2014-04-06 18:40:00', '2014-04-06 18:35:00', '');
INSERT INTO `ticket` VALUES ('983253', '220140406171517451', '上丁公园-北碚', '2', '114', '电饭锅', '2014-04-06 18:40:00', '2014-04-06 18:35:00', '');
INSERT INTO `ticket` VALUES ('983254', '220140406171517454', '上丁公园-北碚', '2', '115', '电饭锅', '2014-04-06 18:40:00', '2014-04-06 18:35:00', '');
INSERT INTO `ticket` VALUES ('983255', '220140406171517458', '上丁公园-北碚', '2', '116', '电饭锅', '2014-04-06 18:40:00', '2014-04-06 18:35:00', '');
INSERT INTO `ticket` VALUES ('983256', '220140406171517463', '上丁公园-北碚', '2', '117', '电饭锅', '2014-04-06 18:40:00', '2014-04-06 18:35:00', '');
INSERT INTO `ticket` VALUES ('983257', '220140406171517466', '上丁公园-北碚', '2', '118', '电饭锅', '2014-04-06 18:40:00', '2014-04-06 18:35:00', '');
INSERT INTO `ticket` VALUES ('983258', '220140406171517469', '上丁公园-北碚', '2', '119', '电饭锅', '2014-04-06 18:40:00', '2014-04-06 18:35:00', '');
INSERT INTO `ticket` VALUES ('983259', '220140406171517472', '上丁公园-北碚', '2', '120', '电饭锅', '2014-04-06 18:40:00', '2014-04-06 18:35:00', '');
INSERT INTO `ticket` VALUES ('983260', '220140406171517476', '上丁公园-北碚', '2', '121', '电饭锅', '2014-04-06 18:40:00', '2014-04-06 18:35:00', '');
INSERT INTO `ticket` VALUES ('983261', '220140406171517480', '上丁公园-北碚', '2', '122', '电饭锅', '2014-04-06 18:40:00', '2014-04-06 18:35:00', '');
INSERT INTO `ticket` VALUES ('983262', '220140406171517483', '上丁公园-北碚', '2', '123', '电饭锅', '2014-04-06 18:40:00', '2014-04-06 18:35:00', '');
INSERT INTO `ticket` VALUES ('983263', '220140406171517486', '上丁公园-北碚', '2', '124', '电饭锅', '2014-04-06 18:40:00', '2014-04-06 18:35:00', '');
INSERT INTO `ticket` VALUES ('983264', '220140406171517489', '上丁公园-北碚', '2', '125', '电饭锅', '2014-04-06 18:40:00', '2014-04-06 18:35:00', '');
INSERT INTO `ticket` VALUES ('983265', '220140406171517495', '上丁公园-北碚', '2', '126', '电饭锅', '2014-04-06 18:40:00', '2014-04-06 18:35:00', '');
INSERT INTO `ticket` VALUES ('983266', '220140406171517500', '上丁公园-北碚', '2', '127', '电饭锅', '2014-04-06 18:40:00', '2014-04-06 18:35:00', '');
INSERT INTO `ticket` VALUES ('983267', '220140406171517502', '上丁公园-北碚', '2', '128', '电饭锅', '2014-04-06 18:40:00', '2014-04-06 18:35:00', '');
INSERT INTO `ticket` VALUES ('983268', '220140406171517506', '上丁公园-北碚', '2', '129', '电饭锅', '2014-04-06 18:40:00', '2014-04-06 18:35:00', '');
INSERT INTO `ticket` VALUES ('983269', '220140406171517508', '上丁公园-北碚', '2', '130', '电饭锅', '2014-04-06 18:40:00', '2014-04-06 18:35:00', '');
INSERT INTO `ticket` VALUES ('983270', '220140406171517511', '上丁公园-北碚', '2', '131', '电饭锅', '2014-04-06 18:40:00', '2014-04-06 18:35:00', '');
INSERT INTO `ticket` VALUES ('983271', '220140406171517514', '上丁公园-北碚', '2', '132', '电饭锅', '2014-04-06 18:40:00', '2014-04-06 18:35:00', '');
INSERT INTO `ticket` VALUES ('983272', '220140406171517517', '上丁公园-北碚', '2', '133', '电饭锅', '2014-04-06 18:40:00', '2014-04-06 18:35:00', '');
INSERT INTO `ticket` VALUES ('983273', '220140406171517521', '上丁公园-北碚', '2', '134', '电饭锅', '2014-04-06 18:40:00', '2014-04-06 18:35:00', '');
INSERT INTO `ticket` VALUES ('983274', '220140406171517524', '上丁公园-北碚', '2', '135', '电饭锅', '2014-04-06 18:40:00', '2014-04-06 18:35:00', '');
INSERT INTO `ticket` VALUES ('983275', '220140406171517527', '上丁公园-北碚', '2', '136', '电饭锅', '2014-04-06 18:40:00', '2014-04-06 18:35:00', '');
INSERT INTO `ticket` VALUES ('983276', '220140406171517531', '上丁公园-北碚', '2', '137', '电饭锅', '2014-04-06 18:40:00', '2014-04-06 18:35:00', '');
INSERT INTO `ticket` VALUES ('983277', '220140406171517533', '上丁公园-北碚', '2', '138', '电饭锅', '2014-04-06 18:40:00', '2014-04-06 18:35:00', '');
INSERT INTO `ticket` VALUES ('983278', '220140406171517536', '上丁公园-北碚', '2', '139', '电饭锅', '2014-04-06 18:40:00', '2014-04-06 18:35:00', '');
INSERT INTO `ticket` VALUES ('983279', '220140406171517539', '上丁公园-北碚', '2', '140', '电饭锅', '2014-04-06 18:40:00', '2014-04-06 18:35:00', '');
INSERT INTO `ticket` VALUES ('983280', '220140406171517542', '上丁公园-北碚', '2', '141', '电饭锅', '2014-04-06 18:40:00', '2014-04-06 18:35:00', '');
INSERT INTO `ticket` VALUES ('983281', '220140406171517548', '上丁公园-北碚', '2', '142', '电饭锅', '2014-04-06 18:40:00', '2014-04-06 18:35:00', '');
INSERT INTO `ticket` VALUES ('983282', '220140406171517552', '上丁公园-北碚', '2', '143', '电饭锅', '2014-04-06 18:40:00', '2014-04-06 18:35:00', '');
INSERT INTO `ticket` VALUES ('983283', '220140406171517555', '上丁公园-北碚', '2', '144', '电饭锅', '2014-04-06 18:40:00', '2014-04-06 18:35:00', '');
INSERT INTO `ticket` VALUES ('983284', '220140406171517558', '上丁公园-北碚', '2', '145', '电饭锅', '2014-04-06 18:40:00', '2014-04-06 18:35:00', '');
INSERT INTO `ticket` VALUES ('983285', '220140406171517563', '上丁公园-北碚', '2', '146', '电饭锅', '2014-04-06 18:40:00', '2014-04-06 18:35:00', '');
INSERT INTO `ticket` VALUES ('983286', '220140406171517568', '上丁公园-北碚', '2', '147', '电饭锅', '2014-04-06 18:40:00', '2014-04-06 18:35:00', '');
INSERT INTO `ticket` VALUES ('983287', '220140406171517570', '上丁公园-北碚', '2', '148', '电饭锅', '2014-04-06 18:40:00', '2014-04-06 18:35:00', '');
INSERT INTO `ticket` VALUES ('983288', '220140406171517573', '上丁公园-北碚', '2', '149', '电饭锅', '2014-04-06 18:40:00', '2014-04-06 18:35:00', '');
INSERT INTO `ticket` VALUES ('983289', '220140406171517575', '上丁公园-北碚', '2', '150', '电饭锅', '2014-04-06 18:40:00', '2014-04-06 18:35:00', '');
INSERT INTO `ticket` VALUES ('983290', '220140406171517577', '上丁公园-北碚', '2', '151', '电饭锅', '2014-04-06 18:40:00', '2014-04-06 18:35:00', '');
INSERT INTO `ticket` VALUES ('983291', '220140406171517580', '上丁公园-北碚', '2', '152', '电饭锅', '2014-04-06 18:40:00', '2014-04-06 18:35:00', '');
INSERT INTO `ticket` VALUES ('983292', '220140406171517582', '上丁公园-北碚', '2', '153', '电饭锅', '2014-04-06 18:40:00', '2014-04-06 18:35:00', '');
INSERT INTO `ticket` VALUES ('983293', '220140406171517585', '上丁公园-北碚', '2', '154', '电饭锅', '2014-04-06 18:40:00', '2014-04-06 18:35:00', '');
INSERT INTO `ticket` VALUES ('983294', '220140406171517587', '上丁公园-北碚', '2', '155', '电饭锅', '2014-04-06 18:40:00', '2014-04-06 18:35:00', '');
INSERT INTO `ticket` VALUES ('983295', '220140406171517590', '上丁公园-北碚', '2', '156', '电饭锅', '2014-04-06 18:40:00', '2014-04-06 18:35:00', '');
INSERT INTO `ticket` VALUES ('983296', '220140406171517594', '上丁公园-北碚', '2', '157', '电饭锅', '2014-04-06 18:40:00', '2014-04-06 18:35:00', '');
INSERT INTO `ticket` VALUES ('983297', '220140406171517598', '上丁公园-北碚', '2', '158', '电饭锅', '2014-04-06 18:40:00', '2014-04-06 18:35:00', '');
INSERT INTO `ticket` VALUES ('983298', '220140406171517600', '上丁公园-北碚', '2', '159', '电饭锅', '2014-04-06 18:40:00', '2014-04-06 18:35:00', '');
INSERT INTO `ticket` VALUES ('983299', '220140406171517602', '上丁公园-北碚', '2', '160', '电饭锅', '2014-04-06 18:40:00', '2014-04-06 18:35:00', '');
INSERT INTO `ticket` VALUES ('983300', '220140406171517609', '上丁公园-北碚', '2', '161', '电饭锅', '2014-04-06 18:40:00', '2014-04-06 18:35:00', '');
INSERT INTO `ticket` VALUES ('983301', '220140406171517614', '上丁公园-北碚', '2', '162', '电饭锅', '2014-04-06 18:40:00', '2014-04-06 18:35:00', '');
INSERT INTO `ticket` VALUES ('983302', '220140406171517616', '上丁公园-北碚', '2', '163', '电饭锅', '2014-04-06 18:40:00', '2014-04-06 18:35:00', '');
INSERT INTO `ticket` VALUES ('983303', '220140406171517619', '上丁公园-北碚', '2', '164', '电饭锅', '2014-04-06 18:40:00', '2014-04-06 18:35:00', '');
INSERT INTO `ticket` VALUES ('983304', '220140406171517622', '上丁公园-北碚', '2', '165', '电饭锅', '2014-04-06 18:40:00', '2014-04-06 18:35:00', '');
INSERT INTO `ticket` VALUES ('983305', '220140406171517624', '上丁公园-北碚', '2', '166', '电饭锅', '2014-04-06 18:40:00', '2014-04-06 18:35:00', '');
INSERT INTO `ticket` VALUES ('983306', '220140406171517628', '上丁公园-北碚', '2', '167', '电饭锅', '2014-04-06 18:40:00', '2014-04-06 18:35:00', '');
INSERT INTO `ticket` VALUES ('983307', '220140406171517632', '上丁公园-北碚', '2', '168', '电饭锅', '2014-04-06 18:40:00', '2014-04-06 18:35:00', '');
INSERT INTO `ticket` VALUES ('983308', '220140406171517634', '上丁公园-北碚', '2', '169', '电饭锅', '2014-04-06 18:40:00', '2014-04-06 18:35:00', '');
INSERT INTO `ticket` VALUES ('983309', '220140406171517637', '上丁公园-北碚', '2', '170', '电饭锅', '2014-04-06 18:40:00', '2014-04-06 18:35:00', '');
INSERT INTO `ticket` VALUES ('983310', '220140406171517639', '上丁公园-北碚', '2', '171', '电饭锅', '2014-04-06 18:40:00', '2014-04-06 18:35:00', '');
INSERT INTO `ticket` VALUES ('983311', '220140406171517642', '上丁公园-北碚', '2', '172', '电饭锅', '2014-04-06 18:40:00', '2014-04-06 18:35:00', '');
INSERT INTO `ticket` VALUES ('983312', '220140406171517644', '上丁公园-北碚', '2', '173', '电饭锅', '2014-04-06 18:40:00', '2014-04-06 18:35:00', '');
INSERT INTO `ticket` VALUES ('983313', '220140406171517646', '上丁公园-北碚', '2', '174', '电饭锅', '2014-04-06 18:40:00', '2014-04-06 18:35:00', '');
INSERT INTO `ticket` VALUES ('983314', '220140406171517649', '上丁公园-北碚', '2', '175', '电饭锅', '2014-04-06 18:40:00', '2014-04-06 18:35:00', '');
INSERT INTO `ticket` VALUES ('983315', '220140406171517651', '上丁公园-北碚', '2', '176', '电饭锅', '2014-04-06 18:40:00', '2014-04-06 18:35:00', '');
INSERT INTO `ticket` VALUES ('983316', '220140406171517653', '上丁公园-北碚', '2', '177', '电饭锅', '2014-04-06 18:40:00', '2014-04-06 18:35:00', '');
INSERT INTO `ticket` VALUES ('983317', '220140406171517656', '上丁公园-北碚', '2', '178', '电饭锅', '2014-04-06 18:40:00', '2014-04-06 18:35:00', '');
INSERT INTO `ticket` VALUES ('983318', '220140406171517658', '上丁公园-北碚', '2', '179', '电饭锅', '2014-04-06 18:40:00', '2014-04-06 18:35:00', '');
INSERT INTO `ticket` VALUES ('983319', '220140406171517662', '上丁公园-北碚', '2', '180', '电饭锅', '2014-04-06 18:40:00', '2014-04-06 18:35:00', '');
INSERT INTO `ticket` VALUES ('983320', '220140406171517664', '上丁公园-北碚', '2', '181', '电饭锅', '2014-04-06 18:40:00', '2014-04-06 18:35:00', '');
INSERT INTO `ticket` VALUES ('983321', '220140406171517666', '上丁公园-北碚', '2', '182', '电饭锅', '2014-04-06 18:40:00', '2014-04-06 18:35:00', '');
INSERT INTO `ticket` VALUES ('983322', '220140406171517669', '上丁公园-北碚', '2', '183', '电饭锅', '2014-04-06 18:40:00', '2014-04-06 18:35:00', '');
INSERT INTO `ticket` VALUES ('983323', '220140406171517671', '上丁公园-北碚', '2', '184', '电饭锅', '2014-04-06 18:40:00', '2014-04-06 18:35:00', '');
INSERT INTO `ticket` VALUES ('983324', '220140406171517674', '上丁公园-北碚', '2', '185', '电饭锅', '2014-04-06 18:40:00', '2014-04-06 18:35:00', '');
INSERT INTO `ticket` VALUES ('983325', '220140406171517677', '上丁公园-北碚', '2', '186', '电饭锅', '2014-04-06 18:40:00', '2014-04-06 18:35:00', '');
INSERT INTO `ticket` VALUES ('983326', '220140406171517679', '上丁公园-北碚', '2', '187', '电饭锅', '2014-04-06 18:40:00', '2014-04-06 18:35:00', '');
INSERT INTO `ticket` VALUES ('983327', '220140406171517682', '上丁公园-北碚', '2', '188', '电饭锅', '2014-04-06 18:40:00', '2014-04-06 18:35:00', '');
INSERT INTO `ticket` VALUES ('983328', '220140406171517685', '上丁公园-北碚', '2', '189', '电饭锅', '2014-04-06 18:40:00', '2014-04-06 18:35:00', '');
INSERT INTO `ticket` VALUES ('983329', '220140406171517687', '上丁公园-北碚', '2', '190', '电饭锅', '2014-04-06 18:40:00', '2014-04-06 18:35:00', '');
INSERT INTO `ticket` VALUES ('983330', '220140406171517690', '上丁公园-北碚', '2', '191', '电饭锅', '2014-04-06 18:40:00', '2014-04-06 18:35:00', '');
INSERT INTO `ticket` VALUES ('983331', '220140406171517693', '上丁公园-北碚', '2', '192', '电饭锅', '2014-04-06 18:40:00', '2014-04-06 18:35:00', '');
INSERT INTO `ticket` VALUES ('983332', '220140406171517697', '上丁公园-北碚', '2', '193', '电饭锅', '2014-04-06 18:40:00', '2014-04-06 18:35:00', '');
INSERT INTO `ticket` VALUES ('983333', '220140406171517700', '上丁公园-北碚', '2', '194', '电饭锅', '2014-04-06 18:40:00', '2014-04-06 18:35:00', '');
INSERT INTO `ticket` VALUES ('983334', '220140406171517702', '上丁公园-北碚', '2', '195', '电饭锅', '2014-04-06 18:40:00', '2014-04-06 18:35:00', '');
INSERT INTO `ticket` VALUES ('983335', '220140406171517705', '上丁公园-北碚', '2', '196', '电饭锅', '2014-04-06 18:40:00', '2014-04-06 18:35:00', '');
INSERT INTO `ticket` VALUES ('983336', '220140406171517708', '上丁公园-北碚', '2', '197', '电饭锅', '2014-04-06 18:40:00', '2014-04-06 18:35:00', '');
INSERT INTO `ticket` VALUES ('983337', '220140406171517710', '上丁公园-北碚', '2', '198', '电饭锅', '2014-04-06 18:40:00', '2014-04-06 18:35:00', '');
INSERT INTO `ticket` VALUES ('983338', '220140406171517712', '上丁公园-北碚', '2', '199', '电饭锅', '2014-04-06 18:40:00', '2014-04-06 18:35:00', '');
INSERT INTO `ticket` VALUES ('983339', '220140406171517714', '上丁公园-北碚', '2', '200', '电饭锅', '2014-04-06 18:40:00', '2014-04-06 18:35:00', '');
INSERT INTO `ticket` VALUES ('983340', '220140406171517717', '上丁公园-北碚', '2', '201', '电饭锅', '2014-04-06 18:40:00', '2014-04-06 18:35:00', '');
INSERT INTO `ticket` VALUES ('983341', '220140406171517720', '上丁公园-北碚', '2', '202', '电饭锅', '2014-04-06 18:40:00', '2014-04-06 18:35:00', '');
INSERT INTO `ticket` VALUES ('983342', '220140406171517722', '上丁公园-北碚', '2', '203', '电饭锅', '2014-04-06 18:40:00', '2014-04-06 18:35:00', '');
INSERT INTO `ticket` VALUES ('983343', '220140406171517725', '上丁公园-北碚', '2', '204', '电饭锅', '2014-04-06 18:40:00', '2014-04-06 18:35:00', '');
INSERT INTO `ticket` VALUES ('983344', '220140406171517728', '上丁公园-北碚', '2', '205', '电饭锅', '2014-04-06 18:40:00', '2014-04-06 18:35:00', '');
INSERT INTO `ticket` VALUES ('983345', '220140406171517732', '上丁公园-北碚', '2', '206', '电饭锅', '2014-04-06 18:40:00', '2014-04-06 18:35:00', '');
INSERT INTO `ticket` VALUES ('983346', '220140406171517734', '上丁公园-北碚', '2', '207', '电饭锅', '2014-04-06 18:40:00', '2014-04-06 18:35:00', '');
INSERT INTO `ticket` VALUES ('983347', '220140406171517737', '上丁公园-北碚', '2', '208', '电饭锅', '2014-04-06 18:40:00', '2014-04-06 18:35:00', '');
INSERT INTO `ticket` VALUES ('983348', '220140406171517739', '上丁公园-北碚', '2', '209', '电饭锅', '2014-04-06 18:40:00', '2014-04-06 18:35:00', '');
INSERT INTO `ticket` VALUES ('983349', '220140406171517742', '上丁公园-北碚', '2', '210', '电饭锅', '2014-04-06 18:40:00', '2014-04-06 18:35:00', '');
INSERT INTO `ticket` VALUES ('983350', '220140406171517745', '上丁公园-北碚', '2', '211', '电饭锅', '2014-04-06 18:40:00', '2014-04-06 18:35:00', '');
INSERT INTO `ticket` VALUES ('983351', '220140406171517749', '上丁公园-北碚', '2', '212', '电饭锅', '2014-04-06 18:40:00', '2014-04-06 18:35:00', '');
INSERT INTO `ticket` VALUES ('983352', '220140406171517751', '上丁公园-北碚', '2', '213', '电饭锅', '2014-04-06 18:40:00', '2014-04-06 18:35:00', '');
INSERT INTO `ticket` VALUES ('983353', '220140406171517754', '上丁公园-北碚', '2', '214', '电饭锅', '2014-04-06 18:40:00', '2014-04-06 18:35:00', '');
INSERT INTO `ticket` VALUES ('983354', '220140406171517757', '上丁公园-北碚', '2', '215', '电饭锅', '2014-04-06 18:40:00', '2014-04-06 18:35:00', '');
INSERT INTO `ticket` VALUES ('983355', '220140406171517759', '上丁公园-北碚', '2', '216', '电饭锅', '2014-04-06 18:40:00', '2014-04-06 18:35:00', '');
INSERT INTO `ticket` VALUES ('983356', '220140406171517763', '上丁公园-北碚', '2', '217', '电饭锅', '2014-04-06 18:40:00', '2014-04-06 18:35:00', '');
INSERT INTO `ticket` VALUES ('983357', '220140406171517765', '上丁公园-北碚', '2', '218', '电饭锅', '2014-04-06 18:40:00', '2014-04-06 18:35:00', '');
INSERT INTO `ticket` VALUES ('983358', '220140406171517768', '上丁公园-北碚', '2', '219', '电饭锅', '2014-04-06 18:40:00', '2014-04-06 18:35:00', '');
INSERT INTO `ticket` VALUES ('983359', '220140406171517770', '上丁公园-北碚', '2', '220', '电饭锅', '2014-04-06 18:40:00', '2014-04-06 18:35:00', '');
INSERT INTO `ticket` VALUES ('983360', '220140406171517773', '上丁公园-北碚', '2', '221', '电饭锅', '2014-04-06 18:40:00', '2014-04-06 18:35:00', '');
INSERT INTO `ticket` VALUES ('983361', '220140406171517775', '上丁公园-北碚', '2', '222', '电饭锅', '2014-04-06 18:40:00', '2014-04-06 18:35:00', '');
INSERT INTO `ticket` VALUES ('983362', '220140406171517778', '上丁公园-北碚', '2', '223', '电饭锅', '2014-04-06 18:40:00', '2014-04-06 18:35:00', '');
INSERT INTO `ticket` VALUES ('983363', '220140406171517780', '上丁公园-北碚', '2', '224', '电饭锅', '2014-04-06 18:40:00', '2014-04-06 18:35:00', '');
INSERT INTO `ticket` VALUES ('983364', '220140406171517783', '上丁公园-北碚', '2', '225', '电饭锅', '2014-04-06 18:40:00', '2014-04-06 18:35:00', '');
INSERT INTO `ticket` VALUES ('983365', '220140406171517786', '上丁公园-北碚', '2', '226', '电饭锅', '2014-04-06 18:40:00', '2014-04-06 18:35:00', '');
INSERT INTO `ticket` VALUES ('983366', '220140406171517788', '上丁公园-北碚', '2', '227', '电饭锅', '2014-04-06 18:40:00', '2014-04-06 18:35:00', '');
INSERT INTO `ticket` VALUES ('983367', '220140406171517791', '上丁公园-北碚', '2', '228', '电饭锅', '2014-04-06 18:40:00', '2014-04-06 18:35:00', '');
INSERT INTO `ticket` VALUES ('983368', '220140406171517795', '上丁公园-北碚', '2', '229', '电饭锅', '2014-04-06 18:40:00', '2014-04-06 18:35:00', '');
INSERT INTO `ticket` VALUES ('983369', '220140406171517799', '上丁公园-北碚', '2', '230', '电饭锅', '2014-04-06 18:40:00', '2014-04-06 18:35:00', '');
INSERT INTO `ticket` VALUES ('983370', '220140406171517802', '上丁公园-北碚', '2', '231', '电饭锅', '2014-04-06 18:40:00', '2014-04-06 18:35:00', '');
INSERT INTO `ticket` VALUES ('983371', '220140406171517805', '上丁公园-北碚', '2', '232', '电饭锅', '2014-04-06 18:40:00', '2014-04-06 18:35:00', '');
INSERT INTO `ticket` VALUES ('983372', '220140406171517807', '上丁公园-北碚', '2', '233', '电饭锅', '2014-04-06 18:40:00', '2014-04-06 18:35:00', '');
INSERT INTO `ticket` VALUES ('983373', '220140406171517811', '上丁公园-北碚', '2', '234', '电饭锅', '2014-04-06 18:40:00', '2014-04-06 18:35:00', '');
INSERT INTO `ticket` VALUES ('983374', '220140406171517815', '上丁公园-北碚', '2', '235', '电饭锅', '2014-04-06 18:40:00', '2014-04-06 18:35:00', '');
INSERT INTO `ticket` VALUES ('983375', '220140406171517818', '上丁公园-北碚', '2', '236', '电饭锅', '2014-04-06 18:40:00', '2014-04-06 18:35:00', '');
INSERT INTO `ticket` VALUES ('983376', '220140406171517820', '上丁公园-北碚', '2', '237', '电饭锅', '2014-04-06 18:40:00', '2014-04-06 18:35:00', '');
INSERT INTO `ticket` VALUES ('983377', '220140406171517822', '上丁公园-北碚', '2', '238', '电饭锅', '2014-04-06 18:40:00', '2014-04-06 18:35:00', '');
INSERT INTO `ticket` VALUES ('983378', '220140406171517825', '上丁公园-北碚', '2', '239', '电饭锅', '2014-04-06 18:40:00', '2014-04-06 18:35:00', '');
INSERT INTO `ticket` VALUES ('983379', '220140406171517827', '上丁公园-北碚', '2', '240', '电饭锅', '2014-04-06 18:40:00', '2014-04-06 18:35:00', '');
INSERT INTO `ticket` VALUES ('983380', '220140406171517830', '上丁公园-北碚', '2', '241', '电饭锅', '2014-04-06 18:40:00', '2014-04-06 18:35:00', '');
INSERT INTO `ticket` VALUES ('983381', '220140406171517833', '上丁公园-北碚', '2', '242', '电饭锅', '2014-04-06 18:40:00', '2014-04-06 18:35:00', '');
INSERT INTO `ticket` VALUES ('983382', '220140406171517835', '上丁公园-北碚', '2', '243', '电饭锅', '2014-04-06 18:40:00', '2014-04-06 18:35:00', '');
INSERT INTO `ticket` VALUES ('983383', '220140406171517838', '上丁公园-北碚', '2', '244', '电饭锅', '2014-04-06 18:40:00', '2014-04-06 18:35:00', '');
INSERT INTO `ticket` VALUES ('983384', '220140406171517840', '上丁公园-北碚', '2', '245', '电饭锅', '2014-04-06 18:40:00', '2014-04-06 18:35:00', '');
INSERT INTO `ticket` VALUES ('983385', '220140406171517843', '上丁公园-北碚', '2', '246', '电饭锅', '2014-04-06 18:40:00', '2014-04-06 18:35:00', '');
INSERT INTO `ticket` VALUES ('983386', '220140406171517847', '上丁公园-北碚', '2', '247', '电饭锅', '2014-04-06 18:40:00', '2014-04-06 18:35:00', '');
INSERT INTO `ticket` VALUES ('983387', '220140406171517850', '上丁公园-北碚', '2', '248', '电饭锅', '2014-04-06 18:40:00', '2014-04-06 18:35:00', '');
INSERT INTO `ticket` VALUES ('983388', '220140406171517853', '上丁公园-北碚', '2', '249', '电饭锅', '2014-04-06 18:40:00', '2014-04-06 18:35:00', '');
INSERT INTO `ticket` VALUES ('983389', '220140406171517855', '上丁公园-北碚', '2', '250', '电饭锅', '2014-04-06 18:40:00', '2014-04-06 18:35:00', '');
INSERT INTO `ticket` VALUES ('983390', '220140406171517858', '上丁公园-北碚', '2', '251', '电饭锅', '2014-04-06 18:40:00', '2014-04-06 18:35:00', '');
INSERT INTO `ticket` VALUES ('983391', '220140406171517862', '上丁公园-北碚', '2', '252', '电饭锅', '2014-04-06 18:40:00', '2014-04-06 18:35:00', '');
INSERT INTO `ticket` VALUES ('983392', '220140406171517865', '上丁公园-北碚', '2', '253', '电饭锅', '2014-04-06 18:40:00', '2014-04-06 18:35:00', '');
INSERT INTO `ticket` VALUES ('983393', '220140406171517874', '上丁公园-北碚', '2', '254', '电饭锅', '2014-04-06 18:40:00', '2014-04-06 18:35:00', '');
INSERT INTO `ticket` VALUES ('983394', '220140406171517879', '上丁公园-北碚', '2', '255', '电饭锅', '2014-04-06 18:40:00', '2014-04-06 18:35:00', '');
INSERT INTO `ticket` VALUES ('983395', '220140406171517884', '上丁公园-北碚', '2', '256', '电饭锅', '2014-04-06 18:40:00', '2014-04-06 18:35:00', '');
INSERT INTO `ticket` VALUES ('983396', '220140406171517886', '上丁公园-北碚', '2', '257', '电饭锅', '2014-04-06 18:40:00', '2014-04-06 18:35:00', '');
INSERT INTO `ticket` VALUES ('983397', '220140406171517889', '上丁公园-北碚', '2', '258', '电饭锅', '2014-04-06 18:40:00', '2014-04-06 18:35:00', '');
INSERT INTO `ticket` VALUES ('983398', '220140406171517891', '上丁公园-北碚', '2', '259', '电饭锅', '2014-04-06 18:40:00', '2014-04-06 18:35:00', '');
INSERT INTO `ticket` VALUES ('983399', '220140406171517894', '上丁公园-北碚', '2', '260', '电饭锅', '2014-04-06 18:40:00', '2014-04-06 18:35:00', '');
INSERT INTO `ticket` VALUES ('983400', '220140406171517896', '上丁公园-北碚', '2', '261', '电饭锅', '2014-04-06 18:40:00', '2014-04-06 18:35:00', '');
INSERT INTO `ticket` VALUES ('983401', '220140406171517899', '上丁公园-北碚', '2', '262', '电饭锅', '2014-04-06 18:40:00', '2014-04-06 18:35:00', '');
INSERT INTO `ticket` VALUES ('983402', '220140406171517901', '上丁公园-北碚', '2', '263', '电饭锅', '2014-04-06 18:40:00', '2014-04-06 18:35:00', '');
INSERT INTO `ticket` VALUES ('983403', '220140406171517904', '上丁公园-北碚', '2', '264', '电饭锅', '2014-04-06 18:40:00', '2014-04-06 18:35:00', '');
INSERT INTO `ticket` VALUES ('983404', '220140406171517907', '上丁公园-北碚', '2', '265', '电饭锅', '2014-04-06 18:40:00', '2014-04-06 18:35:00', '');
INSERT INTO `ticket` VALUES ('983405', '220140406171517909', '上丁公园-北碚', '2', '266', '电饭锅', '2014-04-06 18:40:00', '2014-04-06 18:35:00', '');
INSERT INTO `ticket` VALUES ('983406', '220140406171517914', '上丁公园-北碚', '2', '267', '电饭锅', '2014-04-06 18:40:00', '2014-04-06 18:35:00', '');
INSERT INTO `ticket` VALUES ('983407', '220140406171517917', '上丁公园-北碚', '2', '268', '电饭锅', '2014-04-06 18:40:00', '2014-04-06 18:35:00', '');
INSERT INTO `ticket` VALUES ('983408', '220140406171517919', '上丁公园-北碚', '2', '269', '电饭锅', '2014-04-06 18:40:00', '2014-04-06 18:35:00', '');
INSERT INTO `ticket` VALUES ('983409', '220140406171517922', '上丁公园-北碚', '2', '270', '电饭锅', '2014-04-06 18:40:00', '2014-04-06 18:35:00', '');
INSERT INTO `ticket` VALUES ('983410', '220140406171517925', '上丁公园-北碚', '2', '271', '电饭锅', '2014-04-06 18:40:00', '2014-04-06 18:35:00', '');
INSERT INTO `ticket` VALUES ('983411', '220140406171517929', '上丁公园-北碚', '2', '272', '电饭锅', '2014-04-06 18:40:00', '2014-04-06 18:35:00', '');
INSERT INTO `ticket` VALUES ('983412', '220140406171517932', '上丁公园-北碚', '2', '273', '电饭锅', '2014-04-06 18:40:00', '2014-04-06 18:35:00', '');
INSERT INTO `ticket` VALUES ('983413', '220140406171517935', '上丁公园-北碚', '2', '274', '电饭锅', '2014-04-06 18:40:00', '2014-04-06 18:35:00', '');
INSERT INTO `ticket` VALUES ('983414', '220140406171517937', '上丁公园-北碚', '2', '275', '电饭锅', '2014-04-06 18:40:00', '2014-04-06 18:35:00', '');
INSERT INTO `ticket` VALUES ('983415', '220140406171517940', '上丁公园-北碚', '2', '276', '电饭锅', '2014-04-06 18:40:00', '2014-04-06 18:35:00', '');
INSERT INTO `ticket` VALUES ('983416', '220140406171517942', '上丁公园-北碚', '2', '277', '电饭锅', '2014-04-06 18:40:00', '2014-04-06 18:35:00', '');
INSERT INTO `ticket` VALUES ('983417', '220140406171517945', '上丁公园-北碚', '2', '278', '电饭锅', '2014-04-06 18:40:00', '2014-04-06 18:35:00', '');
INSERT INTO `ticket` VALUES ('983418', '220140406171517947', '上丁公园-北碚', '2', '279', '电饭锅', '2014-04-06 18:40:00', '2014-04-06 18:35:00', '');
INSERT INTO `ticket` VALUES ('983419', '220140406171517950', '上丁公园-北碚', '2', '280', '电饭锅', '2014-04-06 18:40:00', '2014-04-06 18:35:00', '');
INSERT INTO `ticket` VALUES ('983420', '220140406171517952', '上丁公园-北碚', '2', '281', '电饭锅', '2014-04-06 18:40:00', '2014-04-06 18:35:00', '');
INSERT INTO `ticket` VALUES ('983421', '220140406171517955', '上丁公园-北碚', '2', '282', '电饭锅', '2014-04-06 18:40:00', '2014-04-06 18:35:00', '');
INSERT INTO `ticket` VALUES ('983422', '220140406171517958', '上丁公园-北碚', '2', '283', '电饭锅', '2014-04-06 18:40:00', '2014-04-06 18:35:00', '');
INSERT INTO `ticket` VALUES ('983423', '220140406171517961', '上丁公园-北碚', '2', '284', '电饭锅', '2014-04-06 18:40:00', '2014-04-06 18:35:00', '');
INSERT INTO `ticket` VALUES ('983424', '220140406171517964', '上丁公园-北碚', '2', '285', '电饭锅', '2014-04-06 18:40:00', '2014-04-06 18:35:00', '');
INSERT INTO `ticket` VALUES ('983425', '220140406171517966', '上丁公园-北碚', '2', '286', '电饭锅', '2014-04-06 18:40:00', '2014-04-06 18:35:00', '');
INSERT INTO `ticket` VALUES ('983426', '220140406171517969', '上丁公园-北碚', '2', '287', '电饭锅', '2014-04-06 18:40:00', '2014-04-06 18:35:00', '');
INSERT INTO `ticket` VALUES ('983427', '220140406171517971', '上丁公园-北碚', '2', '288', '电饭锅', '2014-04-06 18:40:00', '2014-04-06 18:35:00', '');
INSERT INTO `ticket` VALUES ('983428', '220140406171517974', '上丁公园-北碚', '2', '289', '电饭锅', '2014-04-06 18:40:00', '2014-04-06 18:35:00', '');
INSERT INTO `ticket` VALUES ('983429', '220140406171517977', '上丁公园-北碚', '2', '290', '电饭锅', '2014-04-06 18:40:00', '2014-04-06 18:35:00', '');
INSERT INTO `ticket` VALUES ('983430', '220140406171517980', '上丁公园-北碚', '2', '291', '电饭锅', '2014-04-06 18:40:00', '2014-04-06 18:35:00', '');
INSERT INTO `ticket` VALUES ('983431', '220140406171517982', '上丁公园-北碚', '2', '292', '电饭锅', '2014-04-06 18:40:00', '2014-04-06 18:35:00', '');
INSERT INTO `ticket` VALUES ('983432', '220140406171517985', '上丁公园-北碚', '2', '293', '电饭锅', '2014-04-06 18:40:00', '2014-04-06 18:35:00', '');
INSERT INTO `ticket` VALUES ('983433', '220140406171517988', '上丁公园-北碚', '2', '294', '电饭锅', '2014-04-06 18:40:00', '2014-04-06 18:35:00', '');
INSERT INTO `ticket` VALUES ('983434', '220140406171517990', '上丁公园-北碚', '2', '295', '电饭锅', '2014-04-06 18:40:00', '2014-04-06 18:35:00', '');
INSERT INTO `ticket` VALUES ('983435', '220140406171517994', '上丁公园-北碚', '2', '296', '电饭锅', '2014-04-06 18:40:00', '2014-04-06 18:35:00', '');
INSERT INTO `ticket` VALUES ('983436', '220140406171517998', '上丁公园-北碚', '2', '297', '电饭锅', '2014-04-06 18:40:00', '2014-04-06 18:35:00', '');
INSERT INTO `ticket` VALUES ('983437', '220140406171518001', '上丁公园-北碚', '2', '298', '电饭锅', '2014-04-06 18:40:00', '2014-04-06 18:35:00', '');
INSERT INTO `ticket` VALUES ('983438', '220140406171518004', '上丁公园-北碚', '2', '299', '电饭锅', '2014-04-06 18:40:00', '2014-04-06 18:35:00', '');
INSERT INTO `ticket` VALUES ('983439', '220140406171518007', '上丁公园-北碚', '2', '300', '电饭锅', '2014-04-06 18:40:00', '2014-04-06 18:35:00', '');
INSERT INTO `ticket` VALUES ('983440', '220140406171518009', '上丁公园-北碚', '2', '301', '电饭锅', '2014-04-06 18:40:00', '2014-04-06 18:35:00', '');
INSERT INTO `ticket` VALUES ('983441', '220140406171518012', '上丁公园-北碚', '2', '302', '电饭锅', '2014-04-06 18:40:00', '2014-04-06 18:35:00', '');
INSERT INTO `ticket` VALUES ('983442', '220140406171518014', '上丁公园-北碚', '2', '303', '电饭锅', '2014-04-06 18:40:00', '2014-04-06 18:35:00', '');
INSERT INTO `ticket` VALUES ('983443', '220140406171518017', '上丁公园-北碚', '2', '304', '电饭锅', '2014-04-06 18:40:00', '2014-04-06 18:35:00', '');
INSERT INTO `ticket` VALUES ('983444', '220140406171518020', '上丁公园-北碚', '2', '305', '电饭锅', '2014-04-06 18:40:00', '2014-04-06 18:35:00', '');
INSERT INTO `ticket` VALUES ('983445', '220140406171518022', '上丁公园-北碚', '2', '306', '电饭锅', '2014-04-06 18:40:00', '2014-04-06 18:35:00', '');
INSERT INTO `ticket` VALUES ('983446', '220140406171518025', '上丁公园-北碚', '2', '307', '电饭锅', '2014-04-06 18:40:00', '2014-04-06 18:35:00', '');
INSERT INTO `ticket` VALUES ('983447', '220140406171518028', '上丁公园-北碚', '2', '308', '电饭锅', '2014-04-06 18:40:00', '2014-04-06 18:35:00', '');
INSERT INTO `ticket` VALUES ('983448', '220140406171518032', '上丁公园-北碚', '2', '309', '电饭锅', '2014-04-06 18:40:00', '2014-04-06 18:35:00', '');
INSERT INTO `ticket` VALUES ('983449', '220140406171518034', '上丁公园-北碚', '2', '310', '电饭锅', '2014-04-06 18:40:00', '2014-04-06 18:35:00', '');
INSERT INTO `ticket` VALUES ('983450', '220140406171518037', '上丁公园-北碚', '2', '311', '电饭锅', '2014-04-06 18:40:00', '2014-04-06 18:35:00', '');
INSERT INTO `ticket` VALUES ('983451', '220140406171518040', '上丁公园-北碚', '2', '312', '电饭锅', '2014-04-06 18:40:00', '2014-04-06 18:35:00', '');
INSERT INTO `ticket` VALUES ('983452', '220140406171518044', '上丁公园-北碚', '2', '313', '电饭锅', '2014-04-06 18:40:00', '2014-04-06 18:35:00', '');
INSERT INTO `ticket` VALUES ('983453', '220140406171518048', '上丁公园-北碚', '2', '314', '电饭锅', '2014-04-06 18:40:00', '2014-04-06 18:35:00', '');
INSERT INTO `ticket` VALUES ('983454', '220140406171518051', '上丁公园-北碚', '2', '315', '电饭锅', '2014-04-06 18:40:00', '2014-04-06 18:35:00', '');
INSERT INTO `ticket` VALUES ('983455', '220140406171518054', '上丁公园-北碚', '2', '316', '电饭锅', '2014-04-06 18:40:00', '2014-04-06 18:35:00', '');
INSERT INTO `ticket` VALUES ('983456', '220140406171518057', '上丁公园-北碚', '2', '317', '电饭锅', '2014-04-06 18:40:00', '2014-04-06 18:35:00', '');
INSERT INTO `ticket` VALUES ('983457', '220140406171518059', '上丁公园-北碚', '2', '318', '电饭锅', '2014-04-06 18:40:00', '2014-04-06 18:35:00', '');
INSERT INTO `ticket` VALUES ('983458', '220140406171518062', '上丁公园-北碚', '2', '319', '电饭锅', '2014-04-06 18:40:00', '2014-04-06 18:35:00', '');
INSERT INTO `ticket` VALUES ('983459', '220140406171518064', '上丁公园-北碚', '2', '320', '电饭锅', '2014-04-06 18:40:00', '2014-04-06 18:35:00', '');
INSERT INTO `ticket` VALUES ('983460', '220140406171518067', '上丁公园-北碚', '2', '321', '电饭锅', '2014-04-06 18:40:00', '2014-04-06 18:35:00', '');
INSERT INTO `ticket` VALUES ('983461', '220140406171518069', '上丁公园-北碚', '2', '322', '电饭锅', '2014-04-06 18:40:00', '2014-04-06 18:35:00', '');
INSERT INTO `ticket` VALUES ('983462', '220140406171518072', '上丁公园-北碚', '2', '323', '电饭锅', '2014-04-06 18:40:00', '2014-04-06 18:35:00', '');
INSERT INTO `ticket` VALUES ('983463', '220140406171518075', '上丁公园-北碚', '2', '324', '电饭锅', '2014-04-06 18:40:00', '2014-04-06 18:35:00', '');
INSERT INTO `ticket` VALUES ('983464', '220140406171518078', '上丁公园-北碚', '2', '325', '电饭锅', '2014-04-06 18:40:00', '2014-04-06 18:35:00', '');
INSERT INTO `ticket` VALUES ('983465', '220140406171518081', '上丁公园-北碚', '2', '326', '电饭锅', '2014-04-06 18:40:00', '2014-04-06 18:35:00', '');
INSERT INTO `ticket` VALUES ('983466', '220140406171518084', '上丁公园-北碚', '2', '327', '电饭锅', '2014-04-06 18:40:00', '2014-04-06 18:35:00', '');
INSERT INTO `ticket` VALUES ('983467', '220140406171518087', '上丁公园-北碚', '2', '328', '电饭锅', '2014-04-06 18:40:00', '2014-04-06 18:35:00', '');
INSERT INTO `ticket` VALUES ('983468', '220140406171518090', '上丁公园-北碚', '2', '329', '电饭锅', '2014-04-06 18:40:00', '2014-04-06 18:35:00', '');
INSERT INTO `ticket` VALUES ('983469', '220140406171518093', '上丁公园-北碚', '2', '330', '电饭锅', '2014-04-06 18:40:00', '2014-04-06 18:35:00', '');
INSERT INTO `ticket` VALUES ('983470', '220140406171518096', '上丁公园-北碚', '2', '331', '电饭锅', '2014-04-06 18:40:00', '2014-04-06 18:35:00', '');
INSERT INTO `ticket` VALUES ('983471', '220140406171518099', '上丁公园-北碚', '2', '332', '电饭锅', '2014-04-06 18:40:00', '2014-04-06 18:35:00', '');
INSERT INTO `ticket` VALUES ('983472', '220140406171518102', '上丁公园-北碚', '2', '332', '电饭锅', '2014-04-06 18:40:00', '2014-04-06 18:35:00', '');
INSERT INTO `ticket` VALUES ('983473', '1520140406174511781', '上丁公园-北碚', '15', '1', 'dfdg ', '2014-04-06 22:25:00', '2014-04-06 22:20:00', '');
INSERT INTO `ticket` VALUES ('983474', '1520140406174511787', '上丁公园-北碚', '15', '2', 'dfdg ', '2014-04-06 22:25:00', '2014-04-06 22:20:00', '');
INSERT INTO `ticket` VALUES ('983475', '1520140406174511791', '上丁公园-北碚', '15', '3', 'dfdg ', '2014-04-06 22:25:00', '2014-04-06 22:20:00', '');
INSERT INTO `ticket` VALUES ('983476', '1520140406174511795', '上丁公园-北碚', '15', '4', 'dfdg ', '2014-04-06 22:25:00', '2014-04-06 22:20:00', '');
INSERT INTO `ticket` VALUES ('983477', '1520140406174511798', '上丁公园-北碚', '15', '5', 'dfdg ', '2014-04-06 22:25:00', '2014-04-06 22:20:00', '');
INSERT INTO `ticket` VALUES ('983478', '1520140406174511801', '上丁公园-北碚', '15', '6', 'dfdg ', '2014-04-06 22:25:00', '2014-04-06 22:20:00', '');
INSERT INTO `ticket` VALUES ('983479', '1520140406174511805', '上丁公园-北碚', '15', '7', 'dfdg ', '2014-04-06 22:25:00', '2014-04-06 22:20:00', '');
INSERT INTO `ticket` VALUES ('983480', '1520140406174511808', '上丁公园-北碚', '15', '8', 'dfdg ', '2014-04-06 22:25:00', '2014-04-06 22:20:00', '');
INSERT INTO `ticket` VALUES ('983481', '1520140406174511812', '上丁公园-北碚', '15', '9', 'dfdg ', '2014-04-06 22:25:00', '2014-04-06 22:20:00', '');
INSERT INTO `ticket` VALUES ('983482', '1520140406174511815', '上丁公园-北碚', '15', '10', 'dfdg ', '2014-04-06 22:25:00', '2014-04-06 22:20:00', '');
INSERT INTO `ticket` VALUES ('983483', '1520140406174511818', '上丁公园-北碚', '15', '11', 'dfdg ', '2014-04-06 22:25:00', '2014-04-06 22:20:00', '');
INSERT INTO `ticket` VALUES ('983484', '1520140406174511821', '上丁公园-北碚', '15', '12', 'dfdg ', '2014-04-06 22:25:00', '2014-04-06 22:20:00', '');
INSERT INTO `ticket` VALUES ('983485', '1520140406174511824', '上丁公园-北碚', '15', '13', 'dfdg ', '2014-04-06 22:25:00', '2014-04-06 22:20:00', '');
INSERT INTO `ticket` VALUES ('983486', '1520140406174511827', '上丁公园-北碚', '15', '14', 'dfdg ', '2014-04-06 22:25:00', '2014-04-06 22:20:00', '');
INSERT INTO `ticket` VALUES ('983487', '1520140406174511830', '上丁公园-北碚', '15', '15', 'dfdg ', '2014-04-06 22:25:00', '2014-04-06 22:20:00', '');
INSERT INTO `ticket` VALUES ('983488', '1520140406174511833', '上丁公园-北碚', '15', '16', 'dfdg ', '2014-04-06 22:25:00', '2014-04-06 22:20:00', '');
INSERT INTO `ticket` VALUES ('983489', '1520140406174511837', '上丁公园-北碚', '15', '17', 'dfdg ', '2014-04-06 22:25:00', '2014-04-06 22:20:00', '');
INSERT INTO `ticket` VALUES ('983490', '1520140406174511840', '上丁公园-北碚', '15', '18', 'dfdg ', '2014-04-06 22:25:00', '2014-04-06 22:20:00', '');
INSERT INTO `ticket` VALUES ('983491', '1520140406174511843', '上丁公园-北碚', '15', '19', 'dfdg ', '2014-04-06 22:25:00', '2014-04-06 22:20:00', '');
INSERT INTO `ticket` VALUES ('983492', '1520140406174511846', '上丁公园-北碚', '15', '20', 'dfdg ', '2014-04-06 22:25:00', '2014-04-06 22:20:00', '');
INSERT INTO `ticket` VALUES ('983493', '1520140406174511849', '上丁公园-北碚', '15', '21', 'dfdg ', '2014-04-06 22:25:00', '2014-04-06 22:20:00', '');

-- ----------------------------
-- View structure for `businfo`
-- ----------------------------
DROP VIEW IF EXISTS `businfo`;
CREATE ALGORITHM=UNDEFINED DEFINER=`root`@`localhost` SQL SECURITY DEFINER VIEW `businfo` AS select `b`.`busid` AS `busid`,`b`.`vehicleno` AS `vehicleno`,`b`.`drivername` AS `drivername`,`b`.`seatcount` AS `seatcount`,`b`.`busstationid` AS `busstationid`,`b`.`busstate` AS `busstate`,`s`.`stationname` AS `stationname` from (`bus` `b` join `station` `s`) where (`b`.`busstationid` = `s`.`stationid`) ;

-- ----------------------------
-- View structure for `businfo_cn`
-- ----------------------------
DROP VIEW IF EXISTS `businfo_cn`;
CREATE ALGORITHM=UNDEFINED DEFINER=`root`@`localhost` SQL SECURITY DEFINER VIEW `businfo_cn` AS select `bi`.`busid` AS `汽车ID`,`bi`.`vehicleno` AS `车牌号`,`bi`.`drivername` AS `驾驶员`,`bi`.`seatcount` AS `座位数`,`bi`.`busstationid` AS `归属车站编号`,`bi`.`stationname` AS `归属车站`,`bi`.`busstate` AS `汽车状态` from `businfo` `bi` ;

-- ----------------------------
-- View structure for `routeinfo`
-- ----------------------------
DROP VIEW IF EXISTS `routeinfo`;
CREATE ALGORITHM=UNDEFINED DEFINER=`root`@`localhost` SQL SECURITY DEFINER VIEW `routeinfo` AS select `r`.`routeid` AS `routeid`,`r`.`routename` AS `routename`,`r`.`startstationid` AS `startstationid`,`r`.`endstationid` AS `endstationid`,`ss`.`stationname` AS `startstationname`,`es`.`stationname` AS `endstationname` from ((`route` `r` join `station` `ss`) join `station` `es`) where ((`r`.`startstationid` = `ss`.`stationid`) and (`r`.`endstationid` = `es`.`stationid`)) ;

-- ----------------------------
-- View structure for `routeinfo_cn`
-- ----------------------------
DROP VIEW IF EXISTS `routeinfo_cn`;
CREATE ALGORITHM=UNDEFINED DEFINER=`root`@`localhost` SQL SECURITY DEFINER VIEW `routeinfo_cn` AS select `ri`.`routeid` AS `线路ID`,`ri`.`routename` AS `线路名称`,`ri`.`startstationname` AS `出发车站`,`ri`.`endstationname` AS `目的地车站` from `routeinfo` `ri` ;

-- ----------------------------
-- View structure for `scheduleinfo`
-- ----------------------------
DROP VIEW IF EXISTS `scheduleinfo`;
CREATE ALGORITHM=UNDEFINED DEFINER=`root`@`localhost` SQL SECURITY DEFINER VIEW `scheduleinfo` AS select `rs`.`scheduleid` AS `scheduleid`,`rs`.`schedulerouteid` AS `schedulerouteid`,`rs`.`schedulename` AS `schedulename`,`rs`.`schedulebusid` AS `schedulebusid`,`rs`.`starttime` AS `starttime`,`rs`.`endtime` AS `endtime`,`ri`.`routename` AS `routename`,`ri`.`startstationname` AS `startstationname`,`ri`.`endstationname` AS `endstationname`,`b`.`vehicleno` AS `vehicleno`,`b`.`drivername` AS `drivername` from ((`routeschedule` `rs` join `bus` `b`) join `routeinfo` `ri`) where ((`rs`.`schedulerouteid` = `ri`.`routeid`) and (`rs`.`schedulebusid` = `b`.`busid`)) ;

-- ----------------------------
-- View structure for `scheduleinfo_cn`
-- ----------------------------
DROP VIEW IF EXISTS `scheduleinfo_cn`;
CREATE ALGORITHM=UNDEFINED DEFINER=`root`@`localhost` SQL SECURITY DEFINER VIEW `scheduleinfo_cn` AS select `si`.`scheduleid` AS `行程ID`,`si`.`schedulename` AS `行程名称`,`si`.`routename` AS `线路名称`,`si`.`startstationname` AS `起点站`,`si`.`starttime` AS `出发时间`,`si`.`endstationname` AS `目的地`,`si`.`endtime` AS `到达时间`,`si`.`vehicleno` AS `车牌号`,`si`.`drivername` AS `驾驶员` from `scheduleinfo` `si` ;

-- ----------------------------
-- View structure for `ticketinfo`
-- ----------------------------
DROP VIEW IF EXISTS `ticketinfo`;
CREATE ALGORITHM=UNDEFINED DEFINER=`root`@`localhost` SQL SECURITY DEFINER VIEW `ticketinfo` AS select `t`.`ticketid` AS `ticketid`,`t`.`ticketno` AS `ticketno`,`t`.`tickettitle` AS `tickettitle`,`t`.`ticketscheduleid` AS `ticketscheduleid`,`t`.`seatno` AS `seatno`,`t`.`customername` AS `customername`,`t`.`entrytime` AS `entrytime`,`t`.`deadline` AS `deadline`,`t`.`checked` AS `checked`,`si`.`schedulename` AS `schedulename`,`si`.`routename` AS `routename`,`si`.`startstationname` AS `startstationname`,`si`.`starttime` AS `starttime`,`si`.`endstationname` AS `endstationname`,`si`.`endtime` AS `endtime`,`si`.`vehicleno` AS `vehicleno` from (`ticket` `t` join `scheduleinfo` `si`) where (`t`.`ticketscheduleid` = `si`.`scheduleid`) ;

-- ----------------------------
-- View structure for `ticketinfo_cn`
-- ----------------------------
DROP VIEW IF EXISTS `ticketinfo_cn`;
CREATE ALGORITHM=UNDEFINED DEFINER=`root`@`localhost` SQL SECURITY DEFINER VIEW `ticketinfo_cn` AS select `ti`.`ticketid` AS `车票ID`,`ti`.`ticketno` AS `车票编号`,`ti`.`tickettitle` AS `车票标题`,`ti`.`schedulename` AS `行程名称`,`ti`.`routename` AS `线路名称`,`ti`.`startstationname` AS `起点站`,`ti`.`starttime` AS `出发时间`,`ti`.`endstationname` AS `目的地`,`ti`.`endtime` AS `到达时间`,`ti`.`seatno` AS `座位号`,`ti`.`customername` AS `顾客姓名`,`ti`.`entrytime` AS `生成时间`,`ti`.`deadline` AS `作废时间`,`ti`.`checked` AS `检票状态` from `ticketinfo` `ti` ;
